Property Name,External URL,Property Status,Type,Address,City,State,Zip,Tenant(s),Lease Term,Remaining Term,SqFt,Price/SqFt,Units,Price/Unit,NOI,Cap Rate,Asking Price,Opportunity Zone
Dollar General,https://www.crexi.com/properties/320153/pennsylvania-dollar-general#,On-Market,Retail,3414 W Roy Furman Hwy,Waynesburg,PA,15370,Single,,12.6,9026,$168.96 ,1,,"$101,376.00 ",6.65%,"$1,525,000.00 ",No
Dollar General,https://www.crexi.com/properties/517789/south-carolina-dollar-general#,On-Market,Retail,623 S Main St,Marion,SC,29571,Single,15,8,9026,$138.16 ,,,"$82,272.00 ",6.60%,"$1,247,000.00 ",Yes
Dollar General,https://www.crexi.com/properties/490460/new-jersey-dollar-general-fastenal#,On-Market,Retail,919 Burlington Pike,Burlington,NJ,8016,Multi,10,9.7,16440,$149.64 ,,,"$159,853.00 ",6.50%,"$2,460,000.00 ",No
Dollar General,https://www.crexi.com/properties/337299/arkansas-dollar-general#,On-Market,Retail,2549 AR-9,Morrilton,AR,72110,Single,15.1,11.7,9100,$130.22 ,1,,"$78,756.00 ",6.65%,"$1,185,000.00 ",No
"Dollar General - Hephzibah, GA",https://www.crexi.com/properties/450217/georgia-dollar-general---hephzibah-ga#,On-Market,Retail,2489 Tobacco Rd,Hephzibah,GA,30815,Single,20,2.7,9100,$90.11 ,,,"$61,500.00 ",7.50%,"$820,000.00 ",No
"Dollar General - Leesburg, FL",https://www.crexi.com/properties/519241/florida-dollar-general#,On-Market,Retail,3356 W Main St,Leesburg,FL,34748,Single,,9.3,9014,$95.09 ,,,"$60,000.00 ",7.00%,"$857,143.00 ",No
"Dollar General - Oakwood, GA",https://www.crexi.com/properties/450191/georgia-dollar-general---oakwood-ga#,On-Market,Retail,4621 McEver Rd,Oakwood,GA,30566,Single,20,2.7,9100,$94.73 ,1,,"$64,620.00 ",7.50%,"$862,000.00 ",No
"Dollar General - Tennga, GA",https://www.crexi.com/properties/460075/georgia-dollar-general#,On-Market,Retail,14 Pine St N,Tennga,GA,30711,Single,,8.7,9014,$82.87 ,,,"$52,290.00 ",7.00%,"$747,000.00 ",No
"Dollar General - Douglas, GA",https://www.crexi.com/properties/524116/georgia-dollar-general#,On-Market,Retail,4074 Willacoochee Hwy,Douglas,GA,31535,Single,15.1,9.2,9100,$129.81 ,,,"$76,781.00 ",6.50%,"$1,181,247.00 ",Yes
Dollar General,https://www.crexi.com/properties/521750/rhode-island-dollar-general#,On-Market,Retail,567 Main Rd,Tiverton,RI,2878,Single,,4.1,,,,,"$150,000.00 ",7.14%,"$2,100,000.00 ",No
Family Dollar,https://www.crexi.com/properties/310859/louisiana-family-dollar#,On-Market,Retail,911 1st Avenue,Kinder,LA,70648,Single,15,9.7,9180,$134.72 ,,,"$92,757.00 ",7.50%,"$1,236,760.00 ",No
Dollar General Dublin MSA,https://www.crexi.com/properties/451853/georgia-dollar-general-dublin-msa#,On-Market,Retail,US-80,Dudley,GA,31022,Single,15,15,9100,$168.24 ,,,"$99,504.00 ",6.50%,"$1,531,000.00 ",No
Dollar General,https://www.crexi.com/properties/416124/illinois-dollar-general#,On-Market,Retail,106 E Provost St,Lena,IL,61048,Single,20,6.7,7928,$68.11 ,1,,"$37,800.00 ",7.00%,"$540,000.00 ",No
Dollar General Two Property Portfolio in Louisiana,https://www.crexi.com/properties/488525/louisiana-dollar-general-two-property-portfolio-in-louisiana#,On-Market,Retail,14287 LA-21,Bogalusa,LA,70427,Single,,4,17139,$70.25 ,,,"$99,366.00 ",8.25%,"$1,204,000.00 ",No
"East Bethel, MN Dollar General",https://www.crexi.com/properties/392957/minnesota-east-bethel-mn-dollar-general#,On-Market,Retail,4849 Viking Blvd NE,East Bethel,MN,55092,Single,15,,9100,$150.66 ,1,,"$89,802.00 ",6.55%,"$1,371,023.00 ",No
"Hinckley, MN  Dollar General",https://www.crexi.com/properties/459983/minnesota-hinckley-mn-dollar-general#,On-Market,Retail,304 Fire Monument Rd,Hinckley,MN,55037,Single,15.1,,9100,$150.98 ,1,,"$89,304.00 ",6.50%,"$1,373,907.00 ",Yes
Dollar General Two Tenant Property In Kansas,https://www.crexi.com/properties/488613/kansas-dollar-general#,On-Market,Retail,727 Kansas Ave,Atchison,KS,66002,Multi,5,,12600,$39.60 ,,,"$44,064.00 ",8.83%,"$499,000.00 ",Yes
Georgia Dollar General  Pizza Hut  Convenience Store,https://www.crexi.com/properties/523953/georgia-georgia-dollar-general-pizza-hut-convenience-store#,On-Market,Retail,514 W Ogeechee St,Sylvania,GA,30467,Multi,,5,12100,$61.49 ,,,"$59,520.00 ",8.00%,"$744,000.00 ",No
Dollar General,https://www.crexi.com/properties/209571/oklahoma-dolllar-general#,On-Market,Retail,1303 SW 30th St,Lawton,OK,73505,Single,,1.7,9100,$59.44 ,,,"$43,271.00 ",8.00%,"$540,900.00 ",No
Dollar General,https://www.crexi.com/properties/209590/missouri-dolllar-general#,On-Market,Retail,3323 St Joseph Ave,St Joseph,MO,64505,Multi,,3.4,14600,$41.10 ,,,"$45,996.00 ",7.67%,"$600,000.00 ",No
Dollar General,https://www.crexi.com/properties/351930/wisconsin-dollar-general#,On-Market,Retail,E7512 Grey Goose Trail,Fremont,WI,54940,Single,,,9100,$148.87 ,,,,6.50%,"$1,354,708.00 ",No
Dollar General,https://www.crexi.com/properties/228010/michigan-dollar-general#,On-Market,Retail,57 N Caseville Rd,Pigeon,MI,48755,Single,10,7.3,9014,$86.53 ,,,"$62,400.00 ",8.00%,"$780,000.00 ",No
Dollar General,https://www.crexi.com/properties/465488/arkansas-dollar-general#,On-Market,Retail,313 W 2nd St,Ward,AR,72176,Single,,4,8000,$70.62 ,,,"$42,159.00 ",7.46%,"$565,000.00 ",No
Dollar General,https://www.crexi.com/properties/418962/louisiana-dollar-general#,On-Market,Retail,4612 Barksdale Blvd,Bossier City,LA,71112,Single,22.6,4.7,8000,$104.93 ,1,,"$62,956.00 ",7.50%,"$839,413.00 ",No
DOLLAR GENERAL,https://www.crexi.com/properties/436560/new-york-dollar-general#,On-Market,Retail,6373 NY-7,Maryland,NY,12116,Single,,15,,,,,,6.50%,"$1,637,000.00 ",No
Dollar General,https://www.crexi.com/properties/472070/new-york-dollar-general#,On-Market,Retail,7 Main St,Livonia,NY,14487,Single,14.3,8.4,9100,$84.12 ,,,"$55,500.00 ",7.25%,"$765,500.00 ",No
Dollar General,https://www.crexi.com/properties/498816/pennsylvania-dollar-general#,On-Market,Retail,996 Barn St,Hooversville,PA,15936,Single,,,8000,$94.23 ,1,,"$48,999.00 ",6.50%,"$753,846.00 ",No
Dollar General,https://www.crexi.com/properties/511546/michigan-dollar-general#,On-Market,Retail,3812 E Davison St,Hamtramck,MI,48212,Single,,5.1,11093,$154.94 ,,,"$137,500.00 ",8.00%,"$1,718,750.00 ",No
Dollar General,https://www.crexi.com/properties/507448/oklahoma-dollar-general#,On-Market,Retail,609 S A Ave,Oilton,OK,74052,Single,15,10.2,9026,$119.25 ,,,,7.00%,"$1,076,371.00 ",No
Dollar General,https://www.crexi.com/properties/526054/arkansas-dollar-general#,On-Market,Retail,400 North Gould Avenue,Gould,AR,71643,N/A,15,10,9100,$111.80 ,,,"$67,656.00 ",6.65%,"$1,017,383.00 ",No
Dollar General,https://www.crexi.com/properties/501680/illinois-dollar-general#,On-Market,Retail,901 1st St,Colona,IL,61241,Single,20.1,9.3,9100,$98.90 ,,,"$64,800.00 ",7.20%,"$899,999.00 ",No
Dollar General,https://www.crexi.com/properties/520830/alabama-dollar-general#,On-Market,Retail,119 AL-106,Georgiana,AL,36033,Single,20,1.7,8000,$47.38 ,,,"$36,000.00 ",9.50%,"$379,000.00 ",No
Dollar General,https://www.crexi.com/properties/172325/connecticut-dollar-general#,On-Market,Retail,115 Main St (RT #191),South Windsor,CT,6108,Single,10,8,9409,$179.77 ,,,"$118,400.00 ",7.00%,"$1,691,425.00 ",No
Dollar General,https://www.crexi.com/properties/209570/kansas-dolllar-general#,On-Market,Retail,804 N Ll and G Ave,Anthony,KS,67003,Single,,3.8,8000,$61.66 ,,,"$37,935.00 ",7.69%,"$493,300.00 ",No
Dollar General,https://www.crexi.com/properties/267475/louisiana-dollar-general#,On-Market,Retail,15936 LA Highway 16,French Settlement,LA,70733,Single,,,9014,$68.23 ,,,"$49,764.00 ",8.09%,"$615,000.00 ",No
Dollar General,https://www.crexi.com/properties/322459/michigan-dollar-general#,On-Market,Retail,410 N Parma Rd,Parma,MI,49269,Single,20.1,6.8,,,,,"$63,758.00 ",7.75%,"$822,684.00 ",No
Dollar General,https://www.crexi.com/properties/322481/michigan-dollar-general#,On-Market,Retail,9522 M-21,Ovid,MI,48866,Single,20,7.5,,,,,"$70,958.00 ",7.75%,"$915,587.00 ",No
Dollar General,https://www.crexi.com/properties/332526/texas-723-w-7th-avenue#,On-Market,Retail,723 W 7th Avenue,Spearman,TX,79081,Single,,,15000,$53.33 ,,,"$55,015.00 ",6.88%,"$800,000.00 ",No
Dollar General,https://www.crexi.com/properties/271196/west-virginia-dollar-general#,On-Market,Retail,36344 Coal River Rd,Sylvester,WV,25193,Single,23,6.8,9014,$72.11 ,,,"$51,000.00 ",7.85%,"$650,000.00 ",No
Dollar General,https://www.crexi.com/properties/424680/mississippi-dollar-general#,On-Market,Retail,3049 Ingalls Ave,Pascagoula,MS,39581,Single,10,2.4,8500,$113.27 ,1,,"$86,650.00 ",9.00%,"$962,778.00 ",No
DOLLAR GENERAL,https://www.crexi.com/properties/436538/ohio-dollar-general#,On-Market,Retail,614 W Light St,Felicity,OH,45120,Single,,15,,,,,,6.70%,"$1,357,000.00 ",No
Dollar General,https://www.crexi.com/properties/437386/florida-dollar-general#,On-Market,Retail,449 US-98,Apalachicola,FL,32320,Single,,,8000,$71.88 ,,,"$43,140.00 ",7.50%,"$575,000.00 ",No
Dollar General,https://www.crexi.com/properties/469998/ohio-dollar-general#,On-Market,Retail,22530 Lake shore Blvd,Euclid,OH,44123,Multi,,,11494,$83.96 ,4,,"$99,000.00 ",10.25%,"$965,000.00 ",No
Dollar General,https://www.crexi.com/properties/472171/iowa-dollar-general#,On-Market,Retail,707 Highway 14,Greene,IA,50636,Single,15,16.7,9100,$134.28 ,,,"$82,479.00 ",6.75%,"$1,221,911.00 ",No
Dollar General,https://www.crexi.com/properties/477170/north-dakota-dollar-general#,On-Market,Retail,101 Prospect Ave,Velva,ND,58790,Single,10.1,9.7,9100,$136.92 ,1,,"$89,090.00 ",7.15%,"$1,246,014.00 ",No
Dollar General,https://www.crexi.com/properties/477198/pennsylvania-dollar-general#,On-Market,Retail,808 McNair St,Hazleton,PA,18201,Single,5,4.2,9014,,,,"$60,000.00 ",8.00%,"$750,000.00 ",No
Dollar General,https://www.crexi.com/properties/480573/north-dakota-dollar-general#,On-Market,Retail,101 Prospect Avenue,Velva,ND,58790,N/A,,,9100,$136.92 ,,,,7.15%,"$1,246,014.00 ",No
Dollar General,https://www.crexi.com/properties/451356/arkansas-dollar-general#,On-Market,Retail,749 US Hwy 63,Hazen,AR,72064,Single,26.2,4.8,8625,$74.43 ,1,,"$48,500.00 ",7.55%,"$642,000.00 ",No
Dollar General,https://www.crexi.com/properties/501050/south-carolina-dollar-general#,On-Market,Retail,904A W Main St,Ridge Spring,SC,29129,Single,,,9014,$97.08 ,,,,8.50%,"$875,082.00 ",Yes
Dollar General,https://www.crexi.com/properties/531014/indiana-dollar-general#,On-Market,Retail,421 Jefferson St,Covington,IN,47932,Single,,8,8000,$110.00 ,,,"$66,000.00 ",7.50%,"$880,000.00 ",No
Dollar General,https://www.crexi.com/properties/369557/texas-dollar-general#,On-Market,Retail,5525 FM 88,Weslaco,TX,78599,Single,,1.9,9014,$97.83 ,1,,"$72,750.00 ",8.25%,"$881,820.00 ",No
Dollar General,https://www.crexi.com/properties/332515/iowa-814-superior-street#,On-Market,Retail,814 Superior Street,Webster City,IA,50595,Multi,,,17920,$44.64 ,,,"$61,955.00 ",8.50%,"$800,000.00 ",Yes
Dollar General,https://www.crexi.com/properties/326363/new-york-dollar-general#,On-Market,Retail,2137 S James St,Cape Vincent,NY,13618,Single,15,15,9014,$173.34 ,,,"$101,564.00 ",6.55%,"$1,562,523.00 ",No
Dollar General,https://www.crexi.com/properties/209593/oklahoma-dolllar-general#,On-Market,Retail,205 N Kerr Blvd,Sallisaw,OK,74955,Single,,1.4,8700,$60.85 ,,,"$45,000.00 ",8.50%,"$529,400.00 ",No
Dollar General,https://www.crexi.com/properties/306760/pennsylvania-dollar-general#,On-Market,Retail,3409 Perry Hwy,New Castle,PA,16101,Single,,,9100,$171.87 ,,,"$103,984.00 ",6.65%,"$1,564,000.00 ",No
Dollar General,https://www.crexi.com/properties/455894/north-dakota-dollar-general#,On-Market,Retail,ND-25,Center,ND,58530,Single,15,14.9,9026,$151.92 ,1,,"$90,504.00 ",6.60%,"$1,371,272.00 ",No
Dollar General,https://www.crexi.com/properties/480711/north-dakota-dollar-general#,On-Market,Retail,ND Highway 25,Center,ND,58530,N/A,,,9026,$151.92 ,,,,6.60%,"$1,371,272.00 ",No
Dollar General,https://www.crexi.com/properties/501062/ohio-dollar-general#,On-Market,Retail,430 S Union Ave,Alliance,OH,44601,Single,8,7.7,12984,$52.76 ,,,"$51,280.00 ",7.49%,"$685,000.00 ",Yes
DOLLAR GENERAL,https://www.crexi.com/properties/436450/pennsylvania-dollar-general#,On-Market,Retail,726 Main St,Polk,PA,16342,Single,,15,,,,,,6.70%,"$1,372,000.00 ",No
Dollar General,https://www.crexi.com/properties/462941/ohio-dollar-general#,On-Market,Retail,981 OH-7 N,Pierpont,OH,44082,Single,15,14.1,9100,$151.17 ,1,,"$92,856.00 ",6.75%,"$1,375,644.00 ",No
Dollar General,https://www.crexi.com/properties/451933/new-york-dollar-general#,On-Market,Retail,187 Main St,Hornell,NY,14843,Single,,5,9014,,,,,7.65%,"$866,000.00 ",No
Dollar General,https://www.crexi.com/properties/471658/west-virginia-dollar-general#,On-Market,Retail,20 Valley Falls Rd,Grafton,WV,26354,Single,,9.4,,,,,"$112,861.00 ",7.19%,"$1,570,000.00 ",No
Dollar General,https://www.crexi.com/properties/471713/south-carolina-dollar-general#,On-Market,Retail,330 C R Koon Hwy,Prosperity,SC,29127,N/A,20,3.7,10300,$54.37 ,,,"$40,549.00 ",7.24%,"$560,000.00 ",No
Dollar General,https://www.crexi.com/properties/427859/new-york-dollar-general#,On-Market,Retail,16 Seneca Street,Dundee,NY,14837,Single,5.5,5,9014,$71.56 ,,,"$51,000.00 ",7.91%,"$645,000.00 ",No
Dollar General,https://www.crexi.com/properties/396072/michigan-dollar-general#,On-Market,Retail,126A N Broad Street,Harrison,MI,48625,Single,21.9,4.1,16934,$70.15 ,,,"$83,160.00 ",7.00%,"$1,188,000.00 ",Yes
Dollar General,https://www.crexi.com/properties/526792/pennsylvania-dollar-general#,On-Market,Retail,145 Adams Ave,Canonsburg,PA,15317,Single,15,5.9,,,,,"$111,899.00 ",7.55%,"$1,482,106.00 ",No
Dollar General,https://www.crexi.com/properties/530424/louisiana-dollar-general#,On-Market,Retail,9703 Hwy 79,Haynesville,LA,71038,Single,15.1,5.1,9100,$124.65 ,1,,"$76,565.00 ",6.75%,"$1,134,290.00 ",No
Dollar General,https://www.crexi.com/properties/209575/kansas-dolllar-general#,On-Market,Retail,3030 N Lorraine St,Hutchinson,KS,67502,Single,,6.7,9048,$53.63 ,,,"$37,310.00 ",7.69%,"$485,200.00 ",No
Dollar General,https://www.crexi.com/properties/378087/pennsylvania-dollar-general#,On-Market,Retail,5 State Rte 1006,Tunkhannock,PA,18657,N/A,15,14.9,7545,$197.75 ,,,"$99,965.00 ",6.70%,"$1,492,015.00 ",No
Dollar General,https://www.crexi.com/properties/336335/new-jersey-dollar-general#,On-Market,Retail,191 S Virginia Ave,Penns Grove,NJ,8069,Single,,8.3,10000,,,,"$124,550.00 ",6.75%,"$1,845,485.00 ",No
Dollar General,https://www.crexi.com/properties/237903/georgia-dollar-general#,On-Market,Retail,471 S Church St,Homerville,GA,31634,Single,42.2,3,8640,$56.71 ,,,"$46,179.00 ",9.42%,"$490,000.00 ",Yes
DOLLAR GENERAL,https://www.crexi.com/properties/436556/new-york-dollar-general#,On-Market,Retail,46 E Chestnut St,Andover,NY,14806,Single,,15,,,,,,6.50%,"$1,364,000.00 ",No
Dollar General,https://www.crexi.com/properties/446153/arkansas-dollar-general#,On-Market,Retail,821 Fairview Rd,Crossett,AR,71635,Single,20,1.3,8000,$49.88 ,1,,"$39,600.00 ",9.92%,"$399,000.00 ",Yes
Dollar General,https://www.crexi.com/properties/399282/north-carolina-dollar-general#,On-Market,Retail,86 Old Mountain Rd,Hiddenite,NC,28636,Single,,9,9014,$76.21 ,,,"$48,100.00 ",7.12%,"$687,000.00 ",No
Dollar General,https://www.crexi.com/properties/489427/indiana-dollar-general#,On-Market,Retail,521 S 1st St,Pierceton,IN,46562,N/A,,1.7,8000,$55.60 ,,,"$40,035.00 ",9.00%,"$444,833.00 ",No
Dollar General,https://www.crexi.com/properties/499247/new-mexico-dollar-general#,On-Market,Retail,Dollar General,Milan,NM,87020,Single,15,5.8,9026,$135.94 ,,,"$85,900.00 ",7.00%,"$1,227,000.00 ",No
Dollar General,https://www.crexi.com/properties/501628/texas-dollar-general#,On-Market,Retail,8090 Doniphan Dr,Vinton,TX,79821,Single,15,4.7,9100,$131.18 ,,,"$83,563.00 ",7.00%,"$1,193,753.00 ",No
Dollar General,https://www.crexi.com/properties/1417/michigan-dollar-general#,On-Market,Retail,6121 Cass City Rd,Cass City,MI,48726,Single,,,13654,$34.06 ,,,"$41,900.00 ",9.01%,"$465,000.00 ",No
Dollar General,https://www.crexi.com/properties/209576/oklahoma-dolllar-general#,On-Market,Retail,1110 SE 45th St,Lawton,OK,73501,Single,,2.1,9000,$65.11 ,,,"$46,880.00 ",8.00%,"$586,000.00 ",No
Dollar General,https://www.crexi.com/properties/132289/illinois-dollar-general#,On-Market,Retail,1225 Hwy 164 E,Oquawka,IL,61469,Single,15,9,9026,$132.95 ,,,"$87,000.00 ",7.25%,"$1,200,000.00 ",No
Dollar General,https://www.crexi.com/properties/136272/pennsylvania-dollar-general#,On-Market,Retail,1 Mill Road,Newville,PA,17241,Multi,,,14855,$90.88 ,,,"$110,700.00 ",8.20%,"$1,350,000.00 ",No
Dollar General,https://www.crexi.com/properties/245963/illinois-dollar-general#,On-Market,Retail,6647 South Western Avenue,Chicago,IL,60636,Single,15,4.9,8894,$188.14 ,,,"$131,775.00 ",7.88%,"$1,673,333.00 ",Yes
Dollar General,https://www.crexi.com/properties/332518/texas-301-n-front-street#,On-Market,Retail,301 N Front Street,Stanton,TX,79782,Single,,,11200,$55.39 ,,,"$52,735.00 ",8.50%,"$620,422.00 ",No
Dollar General,https://www.crexi.com/properties/310361/oklahoma-dollar-general#,On-Market,Retail,430 W. Doolin Avenue,Blackwell,OK,74631,Single,,,9014,$117.04 ,,,"$81,767.00 ",7.75%,"$1,055,000.00 ",No
Dollar General,https://www.crexi.com/properties/340576/georgia-dollar-general#,On-Market,Retail,175 GA-520,Cusseta,GA,31805,Single,24.4,4.7,8000,$51.56 ,,,"$33,000.00 ",8.00%,"$412,500.00 ",No
Dollar General,https://www.crexi.com/properties/291204/illinois-dollar-general#,On-Market,Retail,905 E 4th St,Milan,IL,61264,Single,,3,7000,$87.00 ,1,,"$56,358.00 ",9.25%,"$609,000.00 ",No
Dollar General,https://www.crexi.com/properties/422875/illinois-dollar-general#,On-Market,Retail,4524 S Ashland Ave,Chicago,IL,60609,Single,10.4,1.6,13547,$144.31 ,1,,"$139,785.00 ",7.15%,"$1,955,035.00 ",No
Dollar General,https://www.crexi.com/properties/460172/georgia-dollar-general#,On-Market,Retail,813 Bowens Mill Rd SE,Douglas,GA,31533,Single,10,10,9100,$159.53 ,1,,"$97,988.00 ",6.75%,"$1,451,700.00 ",No
Dollar General,https://www.crexi.com/properties/467449/north-dakota-dollar-general#,On-Market,Retail,4th St SE,Crosby,ND,58730,Single,15,14.9,9100,$156.54 ,1,,"$92,592.00 ",6.50%,"$1,424,492.00 ",No
Dollar General,https://www.crexi.com/properties/500073/louisiana-dollar-general#,On-Market,Retail,14060 Veteran Memorial Hwy,Turkey Creek,LA,70585,Single,15.1,15.2,9026,$156.77 ,1,,"$93,904.00 ",6.65%,"$1,415,000.00 ",No
Dollar General,https://www.crexi.com/properties/472086/illinois-dollar-general#,On-Market,Retail,600 Maine Street,Quincy,IL,62301,Single,10,8.5,8910,$48.36 ,,,"$29,456.00 ",6.84%,"$430,853.00 ",No
Dollar General,https://www.crexi.com/properties/518252/south-carolina-dollar-general#,On-Market,Retail,101 S Firetower Road,Florence,SC,29501,N/A,,6.1,9002,$160.80 ,,,,6.90%,"$1,447,525.00 ",No
Dollar General,https://www.crexi.com/properties/526169/north-carolina-dollar-general#,On-Market,Retail,103 E Main St,Glen Alpine,NC,28628,Single,15,5.7,9100,$140.51 ,,,"$92,060.00 ",7.20%,"$1,278,607.00 ",Yes
Dollar General,https://www.crexi.com/properties/502462/mississippi-5781-us-11#,On-Market,Retail,5781 US-11,Purvis,MS,39475,Single,15,10.2,10566,$153.31 ,,,"$106,910.52 ",6.60%,"$1,619,856.00 ",No
Dollar General,https://www.crexi.com/properties/526726/ohio-dollar-general#,On-Market,Retail,795 Lafayette Rd,Medina,OH,44256,Single,23.4,7.4,,,,,"$77,850.00 ",7.10%,"$1,096,479.00 ",Yes
Dollar General  Laundromat,https://www.crexi.com/properties/340527/georgia-dollar-general-laundromat#,On-Market,Retail,21 Lagrange St,Grantville,GA,30220,Multi,7,5.7,14000,$68.21 ,,,"$83,600.00 ",8.75%,"$955,000.00 ",No
Dollar General Plus,https://www.crexi.com/properties/265693/new-york-dollar-general-plus#,On-Market,Retail,166 South St,West Winfield,NY,13491,Single,10.1,8.5,8700,$133.56 ,1,,"$90,000.00 ",7.75%,"$1,162,000.00 ",No
Dollar General - Belleville,https://www.crexi.com/properties/471300/kansas-dollar-general---belleville#,On-Market,Retail,1510 28th St,Belleville,KS,66935,N/A,18.8,4.3,9014,$66.01 ,,,"$45,000.00 ",7.56%,"$595,000.00 ",No
Dollar General - Hebron,https://www.crexi.com/properties/471304/nebraska-dollar-general---hebron#,On-Market,Retail,1235 Lincoln Ave,Hebron,NE,68370,N/A,17,2.8,9014,$66.01 ,,,"$45,000.00 ",7.56%,"$595,000.00 ",No
Dollar General  Shops,https://www.crexi.com/properties/371363/illinois-dollar-general-shops#,On-Market,Retail,3214 Auburn St,Rockford,IL,61101,Multi,,,24213,,4,,"$137,077.00 ",8.50%,"$1,613,000.00 ",Yes
Dollar General - Hector,https://www.crexi.com/properties/341967/minnesota-dollar-general---hector#,On-Market,Retail,751 Hwy Ave E,Hector,MN,55342,Single,,,9026,$138.68 ,1,,"$81,363.00 ",6.50%,"$1,251,731.00 ",No
Dollar General Plaza,https://www.crexi.com/properties/306488/new-york-dollar-general-plaza#,On-Market,Retail,140 N Catherine St,Montour Falls,NY,14865,Multi,,,,,2,,"$118,394.00 ",8.75%,"$1,353,074.00 ",Yes
Dollar General Plus,https://www.crexi.com/properties/502285/missouri-dollar-general-plus#,On-Market,Retail,450 S Market St,Memphis,MO,63555,Single,14.9,4.8,12450,$97.46 ,,,"$93,732.00 ",7.50%,"$1,213,400.00 ",No
Corporate Dollar General,https://www.crexi.com/properties/485078/kansas-corporate-dollar-general#,On-Market,Retail,101 Industrial Dr,Haven,KS,67543,Single,15,9.2,9100,$120.00 ,,,"$73,161.00 ",6.70%,"$1,091,955.00 ",No
Dollar General Dark,https://www.crexi.com/properties/202738/kansas-dollar-general-dark#,On-Market,Retail,2272 Quindaro Blvd,Kansas City,KS,66104,Vacant,,6.3,9100,$83.86 ,,,"$91,571.00 ",12.00%,"$763,100.00 ",No
Dollar General Center,https://www.crexi.com/properties/500275/florida-dollar-general-center#,On-Market,Retail,3123 Chiquita Blvd,Cape Coral,FL,33914,Multi,15,5.8,11708,$184.49 ,,,"$172,810.00 ",8.00%,"$2,160,000.00 ",No
Corporate Dollar General,https://www.crexi.com/properties/485067/kansas-corporate-dollar-general#,On-Market,Retail,511 E Santa Fe Blvd,Ellinwood,KS,67526,Single,15,9.4,9026,$118.33 ,,,"$71,559.00 ",6.70%,"$1,068,045.00 ",No
Corporate Dollar General,https://www.crexi.com/properties/485107/kansas-corporate-dollar-general#,On-Market,Retail,109 W Washington St,Osborne,KS,67473,Single,15.1,9.4,9002,$158.80 ,,,"$95,775.00 ",6.70%,"$1,429,478.00 ",No
Dollar General PLUS,https://www.crexi.com/properties/526068/georgia-dollar-general-plus#,On-Market,Retail,11747 Augusta Rd,Lavonia,GA,30553,Single,10,9.9,16359,$92.16 ,,,"$98,000.00 ",6.50%,"$1,507,692.00 ",No
Dollar General  Family Dollar Portfolio,https://www.crexi.com/properties/359145/minnesota-dollar-general-family-dollar-portfolio#,On-Market,Retail,1055 Payne Avenue,Saint Paul,MN,55130,Single,,,61637,$94.59 ,,,"$454,380.00 ",7.79%,"$5,830,465.00 ",Yes
"Dollar General - Liverpool, NY",https://www.crexi.com/properties/510918/new-york-dollar-general---liverpool-ny#,On-Market,Retail,4975 Bear Rd,Liverpool,NY,13088,Single,,,11347,,1,,"$138,940.00 ",6.50%,"$2,137,538.00 ",No
Dollar General - Silver Lake,https://www.crexi.com/properties/341969/minnesota-dollar-general---silver-lake#,On-Market,Retail,10664 200th St,Silver Lake,MN,55381,Single,,,9100,$143.43 ,1,,"$84,837.00 ",6.50%,"$1,305,185.00 ",No
Dollar General  Butler PA,https://www.crexi.com/properties/332543/pennsylvania-119-n-main-street#,On-Market,Retail,119 N Main Street,Butler,PA,16001,Single,,1.8,7000,$113.14 ,,,"$67,320.00 ",8.50%,"$791,995.00 ",Yes
"Dollar General - Cedarville, AR",https://www.crexi.com/properties/424821/arkansas-dollar-general---cedarville-ar#,On-Market,Retail,9222 North Highway 59,Cedarville,AR,72932,Single,,3.1,7500,$53.33 ,,,"$36,000.00 ",9.00%,"$400,000.00 ",No
"Dollar General - Tulsa, OK",https://www.crexi.com/properties/423111/oklahoma-dollar-general---tulsa-ok#,On-Market,Retail,5801 W 41st St S,Tulsa,OK,74107,Single,,7.3,9100,,,,"$82,602.00 ",6.50%,"$1,270,707.00 ",Yes
"Dollar General Jackson, Georgia",https://www.crexi.com/properties/479416/georgia-dollar-general-jackson-georgia#,On-Market,Retail,15 Towaliga River Dr,Jackson,GA,30233,Single,20.5,5.1,9014,$70.61 ,,,"$52,500.00 ",8.25%,"$636,500.00 ",No
Dollar General - 9.00 CAP,https://www.crexi.com/properties/457943/mississippi-dollar-general---900-cap#,On-Market,Retail,125 N Jackson St,Brookhaven,MS,39601,Single,21.2,1.3,11200,$40.18 ,,,"$40,800.00 ",9.07%,"$450,000.00 ",Yes
Dollar General - East Palestine,https://www.crexi.com/properties/498081/ohio-dollar-general---east-palestine#,On-Market,Retail,113 N Market St,East Palestine,OH,44413,Single,,3.7,9120,$54.28 ,,,"$41,184.00 ",8.32%,"$495,000.00 ",No
Dollar General - Knoxville IA,https://www.crexi.com/properties/512486/iowa-dollar-general---knoxville-ia#,On-Market,Retail,1111 S Lincoln Street,Knoxville,IA,50138,Single,,,9758,$71.63 ,,,"$50,661.00 ",7.25%,"$699,000.00 ",No
"Dollar General Barbourville, KY",https://www.crexi.com/properties/244728/kentucky-dollar-general-barbourville-ky#,On-Market,Retail,28 North KY Highway 3438,Barbourville,KY,40906,Single,,,9100,$144.15 ,1,,"$89,853.00 ",6.85%,"$1,311,723.00 ",No
Dollar General  NNN Lease,https://www.crexi.com/properties/507041/louisiana-dollar-general#,On-Market,Retail,3410 Bayou Blue Rd,Gray,LA,70359,Single,15,9.2,9026,$158.76 ,,,"$96,733.00 ",6.75%,"$1,433,000.00 ",No
"Dollar General - Orland, IN",https://www.crexi.com/properties/516006/indiana-dollar-general---orland-in#,On-Market,Retail,9255 IN-120,Orland,IN,46776,Single,15,5.6,9026,$99.24 ,,,"$66,281.00 ",7.40%,"$895,700.00 ",No
"Dollar General - Lookout, WV",https://www.crexi.com/properties/519548/west-virginia-dollar-general---lookout-wv#,On-Market,Retail,20 Zickafoose Rd,Lookout,WV,25868,Single,15,11.5,9014,,,,"$93,800.00 ",7.00%,"$1,340,000.00 ",No
"Dollar General  McDonough, GA",https://www.crexi.com/properties/444327/georgia-dollar-general-mcdonough-ga#,On-Market,Retail,1030 Regency Plaza Blvd,McDonough,GA,30253,Single,,2.8,,,,,"$72,375.00 ",8.00%,"$905,000.00 ",No
"Dollar General - Aynor, SC",https://www.crexi.com/properties/462708/south-carolina-dollar-general---aynor-sc#,On-Market,Retail,240 8th Ave,Aynor,SC,29511,Single,20.8,3.1,8125,$51.08 ,1,,"$38,089.00 ",9.18%,"$415,000.00 ",Yes
"Dollar General - Olton, TX",https://www.crexi.com/properties/471353/texas-dollar-general---olton-tx#,On-Market,Retail,718 1st St,Olton,TX,79064,Single,22.4,7,,,,,"$53,724.00 ",7.45%,"$721,127.00 ",No
Net-Leased Dollar General,https://www.crexi.com/properties/449188/michigan-net-leased-dollar-general#,On-Market,Retail,65 Division St,Manistee,MI,49660,Single,,4,8040,$90.80 ,1,,"$56,628.00 ",7.75%,"$730,000.00 ",Yes
Dollar General  Cricket Wireless,https://www.crexi.com/properties/266021/new-york-dollar-general-cricket-wireless#,On-Market,Retail,370 N Main St,Gloversville,NY,12078,Multi,,,10964,$86.27 ,,,"$80,400.00 ",8.50%,"$945,882.00 ",No
Dollar General Investment Opportunity,https://www.crexi.com/properties/348082/indiana-dollar-general-investment-opportunity#,On-Market,Retail,3201 Mitchell Road,Bedford,IN,47421,N/A,,,9100,,,,,7.00%,"$1,300,000.00 ",No
Dollar General Investment Opportunity,https://www.crexi.com/properties/248499/kentucky-dollar-general#,On-Market,Retail,9521 State Route 121 S,Murray,KY,42071,Single,15,8.5,9100,$135.12 ,,,"$79,925.00 ",6.50%,"$1,229,616.00 ",No
13-Yr Dollar General,https://www.crexi.com/properties/328316/maine-13-yr-corporate-nnn-lease-investment#,On-Market,Retail,156 S Patten Rd,Patten,ME,4765,Single,,12.7,9026,,,,"$97,244.00 ",6.70%,"$1,451,000.00 ",No
Dollar General  Early Renewal,https://www.crexi.com/properties/421954/wisconsin-dollar-general-early-renewal#,On-Market,Retail,1320 W Wisconsin Ave,Appleton,WI,54914,Single,23.3,6.3,9006,$86.61 ,,,"$51,720.00 ",6.63%,"$780,000.00 ",No
"Dollar General Harmony, NC",https://www.crexi.com/properties/446727/north-carolina-dollar-general-harmony-nc#,On-Market,Retail,3349 Harmony Hwy,Harmony,NC,28634,Single,,4.7,9014,$86.25 ,1,,"$62,200.00 ",8.00%,"$777,500.00 ",No
Dollar General  Antique Mall,https://www.crexi.com/properties/509594/kansas-dollar-general-antique-mall#,On-Market,Retail,2101 N Buckeye Ave,Abilene,KS,67410,Multi,,,15000,$38.93 ,,,"$43,808.00 ",7.50%,"$584,000.00 ",No
"Dollar General - Princeton, KY",https://www.crexi.com/properties/252028/kentucky-dollar-general-princeton-ky#,On-Market,Retail,206 N Harrison St,Princeton,KY,42445,Single,,1.4,9407,$67.82 ,2,,"$47,825.00 ",7.50%,"$638,000.00 ",No
Dollar General - Recent Extension,https://www.crexi.com/properties/257095/illinois-dollar-general#,On-Market,Retail,101 Empire St,Atlanta,IL,61723,Single,14.8,3.7,9100,$98.02 ,,,"$76,264.00 ",8.55%,"$891,977.00 ",No
"Dollar General  Oglethorpe, GA",https://www.crexi.com/properties/496423/georgia-dollar-general#,On-Market,Retail,116 Chatham St,Oglethorpe,GA,31068,Single,15,9,9014,,,,"$67,509.00 ",7.50%,"$900,120.00 ",Yes
Dollar General Swansea SC,https://www.crexi.com/properties/493842/south-carolina-swansea-shopping-center#,On-Market,Retail,1953 Southbound Rd,Swansea,SC,29160,Multi,,,13000,$92.31 ,4,,"$92,242.00 ",7.68%,"$1,200,000.00 ",No
Dollar General  Flowers Bakery,https://www.crexi.com/properties/517532/florida-dollar-general-flowers-bakery#,On-Market,Retail,315 W Jefferson St,Quincy,FL,32351,Multi,,,16130,$130.19 ,,,"$147,600.00 ",7.03%,"$2,100,000.00 ",No
Dollar General - 7.48 CAP,https://www.crexi.com/properties/500844/mississippi-dollar-general---748-cap#,On-Market,Retail,400 Depot St,Lexington,MS,39095,Single,19,1.7,8125,$54.77 ,1,,"$33,300.00 ",7.48%,"$445,000.00 ",No
Dollar General - Low Price Point,https://www.crexi.com/properties/332897/georgia-dollar-general-low-price-point#,On-Market,Retail,69676 GA-46,Metter,GA,30439,Single,,12.4,7489,$157.08 ,1,,"$77,640.00 ",6.60%,"$1,176,364.00 ",No
Dollar General - NY New Development,https://www.crexi.com/properties/476307/new-york-dollar-general---ny-new-development#,On-Market,Retail,2717 NY-26,Cincinnatus,NY,13040,Single,15,14.7,9026,$174.12 ,1,,"$103,728.00 ",6.60%,"$1,571,636.00 ",No
Dollar General Mississippi  Arkansas Portfolio,https://www.crexi.com/properties/519512/mississippi-dollar-general-mississippi-arkansas-portfolio#,On-Market,Retail,10157 Hwy 27,Georgetown,MS,39078,N/A,15,,,,,,"$294,480.00 ",8.62%,"$3,414,636.00 ",Yes
Dollar General - 3 Rent Increase,https://www.crexi.com/properties/256480/illinois-dollar-general#,On-Market,Retail,980 IL-104,Meredosia,IL,62665,Single,15,5.6,9026,$92.73 ,,,"$70,309.00 ",8.40%,"$837,012.00 ",No
"Dollar General, Spencer, North Carolina",https://www.crexi.com/properties/416874/north-carolina-dollar-general-spencer-north-carolina#,On-Market,Retail,335 Salisbury Ave,Spencer,NC,28159,Single,,7.6,8000,$85.00 ,,,"$51,000.00 ",7.50%,"$680,000.00 ",No
"Dollar General Market  Terry, MS",https://www.crexi.com/properties/434954/mississippi-dollar-general-terry-ms#,On-Market,Retail,422 Cunningham St,Terry,MS,39170,Single,10.1,9.7,16847,$69.71 ,1,,"$88,081.00 ",7.50%,"$1,174,423.00 ",No
Dollar General - 2010 Build NN,https://www.crexi.com/properties/444441/new-mexico-dollar-general---2010-build-nn#,On-Market,Retail,1100 Vado Rd,Vado,NM,88072,Single,,4.9,9014,$145.55 ,1,,"$101,678.00 ",7.75%,"$1,311,975.00 ",No
Dollar General Anchored NNN Strip,https://www.crexi.com/properties/522308/south-carolina-dollar-general-anchored-nnn-strip#,On-Market,Retail,300-302 S. Main St,Abbeville,SC,29620,Multi,,5,20240,$77.76 ,4,,"$114,886.00 ",7.30%,"$1,573,778.00 ",No
"Dollar General - Lake Butler, FL",https://www.crexi.com/properties/423011/florida-dollar-general---lake-butler-fl#,On-Market,Retail,180 E Main St,Lake Butler,FL,32054,Single,,4.6,12480,$146.29 ,,,"$127,800.00 ",7.00%,"$1,825,714.00 ",Yes
Dollar General - West Union OH,https://www.crexi.com/properties/332505/ohio-11249-state-route-41#,On-Market,Retail,11249 State Route 41,West Union,OH,45693,Single,,,7500,$37.54 ,,,"$23,935.00 ",8.50%,"$281,586.00 ",No
"Dollar General - Baton Rouge, LA",https://www.crexi.com/properties/445400/louisiana-dollar-general#,On-Market,Retail,1931 Plank Rd,Baton Rouge,LA,70802,Single,15,5.6,9100,$142.86 ,,,"$98,512.00 ",7.58%,"$1,300,000.00 ",Yes
"Dollar General - Lafayette, LA MSA",https://www.crexi.com/properties/467643/louisiana-dollar-general---lafayette-la-msa#,On-Market,Retail,709 LA-93,Carencro,LA,70520,Single,15.1,9.2,9026,$137.60 ,1,,"$84,453.00 ",6.80%,"$1,241,961.00 ",No
Grocery  Dollar General Anchored Plaza,https://www.crexi.com/properties/182716/wisconsin-grocery--dollar-general-anchored-plaza#,On-Market,Retail,4011 Durand Ave,Racine,WI,53405,Multi,,,147879,$53.30 ,,,"$690,748.00 ",8.76%,"$7,881,212.00 ",No
Ace Hardware and Dollar General,https://www.crexi.com/properties/371327/florida-ace-hardware-and-dollar-general#,On-Market,Retail,3802 N Monroe St,Tallahassee,FL,32303,Multi,,5,17544,$165.30 ,2,,"$209,300.00 ",7.50%,"$2,900,000.00 ",No
Dollar General  Kelly Brothers Furniture,https://www.crexi.com/properties/514129/kentucky-dollar-general-kelly-brothers-furniture#,On-Market,Retail,206 N Main Cross St,Louisa,KY,41230,Multi,,,14288,$54.24 ,,,"$66,765.00 ",9.00%,"$775,000.00 ",No
Dollar General PLUS  Relocation Store,https://www.crexi.com/properties/503411/louisiana-26713-highway-23#,On-Market,Retail,26713 LA-23,Port Sulphur,LA,70083,Multi,15,11.2,10566,$155.59 ,,,"$109,327.00 ",6.65%,"$1,644,000.00 ",No
Dollar General - New Development - 6.6 Cap,https://www.crexi.com/properties/479167/pennsylvania-dollar-general---new-development---66-cap#,On-Market,Retail,23 Pine Crest Rd,McClure,PA,17841,Single,15,14.8,9100,$163.58 ,,,"$98,248.00 ",6.60%,"$1,488,605.00 ",No
Dollar General  The Miller House Storage,https://www.crexi.com/properties/514131/kentucky-dollar-general-the-miller-house-storage#,On-Market,Retail,320 E 4th St,Owensboro,KY,42303,Multi,,,10348,$65.81 ,,,"$60,224.00 ",9.00%,"$681,000.00 ",Yes
"Dollar General - Jacksonville, FL - 6.5 Cap",https://www.crexi.com/properties/503457/florida-dollar-general---jacksonville-fl---60-cap#,On-Market,Retail,1610 Edgewood Ave W,Jacksonville,FL,32208,Single,15,4.8,9100,$195.52 ,,,"$115,648.00 ",6.50%,"$1,779,200.00 ",Yes
Dollar General - 2020 Development - 6.6 Cap,https://www.crexi.com/properties/479157/pennsylvania-dollar-general---2020-development---66-cap#,On-Market,Retail,12702 Harrison St,Summerville,PA,15864,Single,15,14.8,9100,$153.79 ,,,"$92,368.00 ",6.60%,"$1,399,515.00 ",No
Dollar General - WV Location - 6.6 Cap,https://www.crexi.com/properties/501635/west-virginia-dollar-general---wv-location---66-cap#,On-Market,Retail,561 W Veterans Memorial Hwy,Flemington,WV,26347,Single,15,11.4,9100,$158.32 ,1,,"$95,086.00 ",6.60%,"$1,440,700.00 ",No
Dollar General - 2020 Build - 6.5 Cap,https://www.crexi.com/properties/427942/indiana-dollar-general---2020-build---65-cap#,On-Market,Retail,Grave St,Patoka,IN,47666,Single,,14.7,9100,$145.19 ,1,,"$85,880.00 ",6.50%,"$1,321,225.00 ",No
Dollar General  Absolute NNN  6.60 Cap,https://www.crexi.com/properties/482723/oklahoma-dollar-general#,On-Market,Retail,11152 New Prue Rd,Prue,OK,74054,Single,15.1,14.5,9026,,,,"$79,996.00 ",6.60%,"$1,212,000.00 ",No
Dollar General Anchored Retail Center Fully Leased,https://www.crexi.com/properties/467578/iowa-1528-camanche-ave#,On-Market,Retail,1528 Camanche Ave,Clinton,IA,52732,Multi,,,23564,$40.32 ,3,,"$101,400.00 ",10.67%,"$950,000.00 ",No
Dollar General - Low Price Point - SE Texas,https://www.crexi.com/properties/489338/texas-dollar-general---low-price-point---se-texas#,On-Market,Retail,385 Texas Ave,Bridge City,TX,77611,Single,25.6,4.6,8625,$68.12 ,,,"$44,064.00 ",7.50%,"$587,520.00 ",No
Dollar General - NNN - 12 Years - 6.65 Cap,https://www.crexi.com/properties/490875/pennsylvania-dollar-general---nnn---12-years---665-cap#,On-Market,Retail,3317 Route 36,Oliveburg,PA,15764,Single,15,12.5,9026,$166.51 ,,,"$99,944.00 ",6.65%,"$1,502,918.00 ",No
Dollar General - Abs. NNN - 3 Rent Increase,https://www.crexi.com/properties/531715/texas-dollar-general---abs-nnn---3-rent-increase#,On-Market,Retail,312 W Lake Dr,Hamlin,TX,79520,Single,15,5.7,9026,$130.08 ,,,"$76,318.00 ",6.50%,"$1,174,124.00 ",No
Dollar General - 11 Years - Concrete Parking Lot,https://www.crexi.com/properties/501646/west-virginia-dollar-general---11-years---concrete-parking-lot#,On-Market,Retail,2745 Veterans Blvd,New Manchester,WV,26056,Single,15,11.2,9026,$157.09 ,1,,"$93,583.00 ",6.60%,"$1,417,922.00 ",No
Dollar General - West Virginia Location - Absolute NNN,https://www.crexi.com/properties/501639/west-virginia-dollar-general---west-virginia-location---absolute-nnn#,On-Market,Retail,12700 Shortline Hwy,Pine Grove,WV,26419,Single,15,11.4,10640,$138.20 ,1,,"$97,053.00 ",6.60%,"$1,470,496.00 ",No
"Portfolio - 4 Buildings - Dollar General, Fastenal, Advance",https://www.crexi.com/properties/486634/pennsylvania-single-tenant-portfolio#,On-Market,Industrial,209 Broad St,Johnstown,PA,15906,Multi,,,,,,,"$231,278.00 ",7.75%,"$2,984,232.00 ",No
"Dollar General - Albany, NY MSA - 6.6 Cap",https://www.crexi.com/properties/479155/new-york-dollar-general---albany-ny-msa---66-cap#,On-Market,Retail,1735 NY-205,Oneonta,NY,13820,Single,15,14.7,9100,$167.30 ,,,"$100,480.00 ",6.60%,"$1,522,424.00 ",No
"Dollar General - 32K 5 Mile - Columbus, OH MSA",https://www.crexi.com/properties/490860/ohio-dollar-general---32k-5-mile---columbus-oh-msa#,On-Market,Retail,6732 Lambert Rd,Orient,OH,43146,Single,15.1,11.2,9002,$172.76 ,,,"$101,086.00 ",6.50%,"$1,555,167.00 ",No
DOLLAR GENERAL I LIMITED COMPETITION I ESSENTIAL RETAILER,https://www.crexi.com/properties/487737/west-virginia-dollar-general-i-limited-competition-i-essential-retailer#,On-Market,Retail,1207 E State Ave,Terra Alta,WV,26764,Single,27.1,8.2,8000,$86.01 ,1,,"$49,885.00 ",7.25%,"$688,069.00 ",No
Dollar General Anchored 2-Tenant - Low Price Point,https://www.crexi.com/properties/525001/kansas-dollar-general-anchored-2-tenant---low-price-point#,On-Market,Retail,702 Webster St,Spring Hill,KS,66083,Multi,29,7.2,8500,$106.64 ,,,"$62,062.00 ",6.85%,"$906,480.00 ",No
Dollar General - 7.4 Cap - 3 Increase in 2021,https://www.crexi.com/properties/515996/indiana-dollar-general---howe-in#,On-Market,Retail,5580 IN-9,Howe,IN,46746,Single,15.1,5.6,9026,$108.71 ,,,"$72,608.00 ",7.40%,"$981,200.00 ",No
Dollar General - New Retrofit Location - Brand New Lease,https://www.crexi.com/properties/503433/texas-dollar-general---new-retrofit-location---brand-new-lease#,On-Market,Retail,804 S Slaughter Ave,Sundown,TX,79336,Single,10.1,10,8275,$127.87 ,,,"$71,425.00 ",6.75%,"$1,058,148.00 ",No
Family Dollar,https://www.crexi.com/properties/303181/mississippi-family-dollar#,On-Market,Retail,1002 East Avenue North,Hollandale,MS,38748,Single,,,8438,$52.62 ,,,"$35,522.00 ",8.00%,"$444,000.00 ",No
Family Dollar,https://www.crexi.com/properties/303190/louisiana-family-dollar#,On-Market,Retail,3000 LA-10,Jackson,LA,70748,Single,,,7000,$60.43 ,,,"$35,944.00 ",8.50%,"$423,000.00 ",No
Dollar Tree,https://www.crexi.com/properties/208567/iowa-dollar-tree#,On-Market,Retail,801 Laurel Street,Creston,IA,50801,Single,10.1,5.7,8000,$136.67 ,1,,"$82,000.00 ",7.50%,"$1,093,333.00 ",Yes
Family Dollar,https://www.crexi.com/properties/503458/oklahoma-family-dollar#,On-Market,Retail,SEC Russworm Drive & South Leach Avenue,Watonga,OK,73772,Single,,10.2,9180,$154.68 ,1,,"$97,250.00 ",6.85%,"$1,420,000.00 ",No
Dollar Tree,https://www.crexi.com/properties/439238/new-mexico-dollar-tree#,On-Market,Retail,1011 W Ave D,Lovington,NM,88260,Single,,5,20104,$54.22 ,1,,"$100,000.00 ",8.30%,"$1,090,000.00 ",No
Dollar General - 10 Year Lease  15 Year Roof Warranty,https://www.crexi.com/properties/123819/indiana-dollar-general#,On-Market,Retail,415 W Lagrange Rd,Hanover,IN,47243,Single,31.4,9.6,12519,$122.33 ,,,"$107,205.00 ",7.00%,"$1,531,500.00 ",No
Family Dollar,https://www.crexi.com/properties/518095/kansas-family-dollar#,On-Market,Retail,822 E River St,Eureka,KS,67045,Single,,,10500,,1,,"$107,625.00 ",6.85%,"$1,571,000.00 ",No
"Rare Early Dollar General Renewal 7.25 Cap  Weber City, VA",https://www.crexi.com/properties/460199/virginia-dollar-general---weber-city-va#,On-Market,Retail,2000 US-23,Weber City,VA,24290,Single,15.1,7.8,9495,$138.46 ,,,"$95,319.00 ",7.25%,"$1,314,700.00 ",No
Dollar General Abs. NNN  3 Inc. in 2021  Near WMT,https://www.crexi.com/properties/488059/missouri-dollar-general#,On-Market,Retail,807 W Main St,Fredericktown,MO,63645,Single,15,5.3,9012,$136.22 ,,,"$92,070.00 ",7.50%,"$1,227,600.00 ",No
Dollar Tree Center,https://www.crexi.com/properties/520235/north-dakota-dollar-tree-center#,On-Market,Retail,1632 Bypass Rd,Wahpeton,ND,58075,Multi,,,15000,$131.67 ,2,,"$148,209.00 ",7.50%,"$1,975,000.00 ",No
Family Dollar - Dollar Tree Net Lease Investment,https://www.crexi.com/properties/530927/tennessee-family-dollar---dollar-tree-net-lease-investment#,On-Market,Retail,3499 Main St,Pikeville,TN,37367,Single,7.4,7.2,16447,$64.69 ,1,,"$74,448.00 ",7.00%,"$1,064,000.00 ",No
Family Dollar  Verizon,https://www.crexi.com/properties/319903/new-mexico-family-dollar-verizon#,On-Market,Retail,698 Roosevelt Ave,Grants,NM,87020,Multi,,3,13600,$88.82 ,,,"$99,682.00 ",8.25%,"$1,208,000.00 ",No
Dollar Tree  Pharmacy,https://www.crexi.com/properties/392858/tennessee-dollar-tree-pharmacy#,On-Market,Retail,2415 Fairview Blvd,Fairview,TN,37062,Multi,,7,13648,$146.54 ,,,"$134,999.00 ",6.75%,"$2,000,000.00 ",No
Corporate Guarantee Dollar Tree,https://www.crexi.com/properties/478399/south-carolina-corporate-guarantee-dollar-tree#,On-Market,Retail,2557 US-25,North Augusta,SC,29841,N/A,,,9960,,,,"$103,584.00 ",7.00%,"$1,479,771.00 ",No
"Family Dollar - McCamey, TX",https://www.crexi.com/properties/451976/texas-family-dollar---mccamey-tx#,On-Market,Retail,N Burleson Ave,McCamey,TX,79752,Single,11.2,10.2,9180,$158.71 ,1,,"$102,036.00 ",7.00%,"$1,457,000.00 ",No
Walgreens Dollar Deals Sublease,https://www.crexi.com/properties/520659/new-york-walgreens-dollar-deals-sublease#,On-Market,Retail,1402 Rockaway Pkwy,Brooklyn,NY,11236,Single,,7.2,7950,"$1,006.29 ",,,"$544,500.00 ",6.81%,"$8,000,000.00 ",No
"Family Dollar Store - Middleburg, PA",https://www.crexi.com/properties/111770/pennsylvania-middleburg-family-dollar-store#,On-Market,Retail,212 S Wausau Rd,Middleburg,PA,17842,Multi,,0,12800,$64.06 ,2,,"$79,000.00 ",10.50%,"$820,000.00 ",No
Family Dollar  New Lease Extension,https://www.crexi.com/properties/434459/north-carolina-family-dollar#,On-Market,Retail,980 U.S. Hwy 158 E,Sunbury,NC,27979,Single,14,5.1,8000,$123.50 ,,,"$79,000.00 ",8.00%,"$988,000.00 ",No
"Family Dollar - Hard Corner - Jacksonville, FL",https://www.crexi.com/properties/486662/florida-family-dollar---hard-corner---jacksonville-fl#,On-Market,Retail,8014 Beach Blvd,Jacksonville,FL,32216,Single,15.5,4,7239,$289.02 ,,,"$156,915.00 ",7.50%,"$2,092,200.00 ",No
951 Bayou Road,https://www.crexi.com/properties/530995/louisiana-951-bayou-road#,On-Market,Retail,951 Bayou Rd,St Bernard,LA,70085,N/A,,3.6,9100,$168.45 ,,,"$118,800.00 ",7.75%,"$1,532,903.00 ",No
Chambers Square,https://www.crexi.com/properties/480506/alabama-chambers-square#,On-Market,Retail,2918 20th Ave,Valley,AL,36854,Multi,,,129510,$38.34 ,,,"$409,743.00 ",8.25%,"$4,965,000.00 ",No
1290 Butternut Street,https://www.crexi.com/properties/332532/texas-1290-butternut-street#,On-Market,Retail,1290 Butternut St,Abilene,TX,79602,Single,,2.1,15732,,,,,8.50%,,No
Muncy Neighborhood Shopping Plaza,https://www.crexi.com/properties/295288/pennsylvania-muncy-neighborhood-shopping-plaza#,On-Market,Retail,9 N Washington St,Muncy,PA,17756,Multi,,,24000,$66.25 ,,,"$144,900.00 ",9.11%,"$1,590,000.00 ",No
"Rite Aid NNN Lease - Rocky Mount, NC",https://www.crexi.com/properties/469694/north-carolina-rite-aid-nnn-lease---rocky-mount-nc#,On-Market,Retail,824 W Raleigh Blvd,Rocky Mount,NC,27803,Vacant,26.6,5.2,11336,$154.38 ,,,"$188,230.00 ",10.76%,"$1,750,000.00 ",No
205 Chandler,https://www.crexi.com/properties/519277/massachusetts-205-chandler#,On-Market,Retail,205 Chandler St,Worcester,MA,1609,Multi,5,5.1,14529,,2,,"$222,052.00 ",7.50%,,No
Flamingo Crossing,https://www.crexi.com/properties/351266/florida-flamingo-crossing#,On-Market,Retail,1542 Ocean Shore Blvd,Ormond Beach,FL,32176,N/A,,,18900,,6,,"$202,331.00 ",6.74%,"$3,000,000.00 ",No
Baker Regional Shopping Center,https://www.crexi.com/properties/199869/louisiana-250--280-main-street#,On-Market,Retail,250 & 280 Main Street,Baker,LA,70714,N/A,,,134936,$36.20 ,,,"$463,513.00 ",9.49%,"$4,885,000.00 ",No
2422-2424 W Division Street,https://www.crexi.com/properties/332501/missouri-24222424-w-division-street#,On-Market,Retail,2422-2424 W Division Street,Springfield,MO,65802,Multi,,,16287,$29.64 ,,,"$42,863.00 ",8.50%,"$482,817.00 ",No
Goodwill Industries of Northcentral PA,https://www.crexi.com/properties/176500/pennsylvania-renovo-goodwill#,On-Market,Retail,112 3rd St,Renovo,PA,17764,Single,15.5,10.3,8115,$119.15 ,1,,"$68,651.00 ",7.10%,"$966,900.00 ",No
"ATT  Paducah, KY",https://www.crexi.com/properties/132880/kentucky-att--2000-unit-operator#,On-Market,Retail,3320 Irvin Cobb Dr,Paducah,KY,42003,Single,,5.5,2880,$441.67 ,,,"$95,400.00 ",7.50%,"$1,272,000.00 ",No
3333 Manchester Road,https://www.crexi.com/properties/251738/ohio-3333-manchester-road#,On-Market,Retail,3333 Manchester Rd,Akron,OH,44319,Multi,,,104824,$50.89 ,22,,,9.00%,"$5,335,000.00 ",No
2700  2708 Ingersoll Avenue,https://www.crexi.com/properties/528062/iowa-2700-2708-ingersoll-avenue#,On-Market,Retail,2708 Ingersoll Ave,Des Moines,IA,50312,Multi,,5,38492,$206.54 ,5,,"$525,938.00 ",6.62%,"$7,950,000.00 ",No
Walgreens,https://www.crexi.com/properties/467649/vermont-walgreens#,On-Market,Retail,294 Main St,West Rutland,VT,5777,Single,27.1,3.7,11096,$303.08 ,,,"$235,402.00 ",7.00%,"$3,363,000.00 ",No
Roses  Dirt Cheap,https://www.crexi.com/properties/271869/alabama-roses-dirt-cheap#,On-Market,Retail,1940 Veterans Memorial Dr,Birmingham,AL,35214,Multi,,,45700,$36.11 ,2,,"$165,857.00 ",10.05%,"$1,650,000.00 ",No
Middleburg Village Center,https://www.crexi.com/properties/257300/florida-middleburg-village-center#,On-Market,Retail,2620 Blanding Blvd,Middleburg,FL,32068,Multi,,,51380,$87.58 ,,,"$364,079.00 ",8.09%,"$4,500,000.00 ",No
302 Old 9th St,https://www.crexi.com/properties/235611/pennsylvania-302-old-9th-st#,On-Market,Industrial,302 Old 9th Street,Lebanon,PA,17046,Single,3.1,0.1,3072,,1,"$149,900.00 ","$14,004.00 ",8.37%,"$149,900.00 ",No
O'Reilly Auto Parts,https://www.crexi.com/properties/319839/ohio-oreilly-auto-parts#,On-Market,Retail,2350 Woodville Rd,Oregon,OH,43616,Multi,,5.5,22220,$60.76 ,2,,"$104,713.00 ",7.76%,"$1,350,000.00 ",No
Friendly Plaza,https://www.crexi.com/properties/482805/pennsylvania-friendly-plaza#,On-Market,Retail,3141 Frankford Ave,Philadelphia,PA,19134,Multi,,,26000,$146.15 ,3,,"$267,084.00 ",7.03%,"$3,800,000.00 ",No
Sunnyside Park Shopping Center,https://www.crexi.com/properties/217686/wisconsin-80228046-22nd-avenue#,On-Market,Retail,8022-8046 22Nd Avenue,Kenosha,WI,53143,Multi,,,68520,$79.54 ,,,"$510,250.00 ",9.36%,"$5,450,000.00 ",No
Ruskin Heights Shopping Center,https://www.crexi.com/properties/9636/missouri-ruskin-heights-shopping-center#,On-Market,Retail,11102-11489 Blue Ridge Blvd,Kansas City,MO,64134,Multi,,,93706,$32.02 ,,,"$286,474.00 ",9.55%,"$3,000,000.00 ",No
Traders Junction,https://www.crexi.com/properties/481468/colorado-traders-junction#,On-Market,Retail,1750-1760 Broad Street,Milliken,CO,80543,N/A,,,24435,$144.32 ,9,,"$246,857.00 ",7.00%,"$3,526,523.00 ",No
"ATT  West Helena, AR",https://www.crexi.com/properties/133939/arkansas-att--2000-unit-operator#,On-Market,Retail,426 Sebastian St,Helena-West Helena,AR,72390,Single,7,5,3000,$280.00 ,,,"$63,000.00 ",7.50%,"$840,000.00 ",No
RITE AID I NO COMPETITION I RX EVOLUTION REBRANDING,https://www.crexi.com/properties/487867/ohio-rite-aid-i-10-years-remaining-i-no-competition#,On-Market,Retail,25 W Main St,East Palestine,OH,44413,Single,32.6,10.5,11335,$182.30 ,1,,"$149,813.00 ",7.25%,"$2,066,400.00 ",No
Bel Aire Shopping Center,https://www.crexi.com/properties/508697/new-mexico-bel-aire-shopping-center#,On-Market,Retail,931 E Bender Blvd,Hobbs,NM,88240,Multi,,,74146,$59.34 ,,,"$344,570.00 ",7.83%,"$4,400,000.00 ",No
Fresenius Medical Care,https://www.crexi.com/properties/519869/indiana-fresenius-medical-care#,On-Market,Office,1797 W. Kem Road,Marion,IN,46952,N/A,30.2,8.2,9300,$239.25 ,,,"$146,874.00 ",6.60%,"$2,225,000.00 ",No
21210-21230 Greenfield Road,https://www.crexi.com/properties/217670/michigan-2121021230-greenfield-road#,On-Market,Retail,21210-21230 Greenfield Road,Oak Park,MI,48237,Multi,,14.2,11504,$444.41 ,,,"$345,120.00 ",6.75%,"$5,112,889.00 ",Yes
Walmart Shadow Center,https://www.crexi.com/properties/151361/minnesota-dollar-tree--maurices#,On-Market,Retail,3050 US-169,Grand Rapids,MN,55744,Multi,,,13000,$142.31 ,2,,"$159,761.00 ",8.64%,"$1,850,000.00 ",No
Advance Auto Parts,https://www.crexi.com/properties/226293/west-virginia-3160-e-cucumberland-road#,On-Market,Retail,3160 E. Cucumberland Road,Bluewell,WV,24701,Single,17.4,0.9,7000,$142.34 ,,,"$99,380.00 ",10.00%,"$996,380.00 ",No
Single Tenant Portfolio,https://www.crexi.com/properties/207397/pennsylvania-single-tenant-portfolio#,On-Market,Retail,21-23 Bridge Street,Johnstown,PA,15902,Single,,,,,,,"$373,071.00 ",8.70%,"$4,288,180.00 ",No
Taos Commons 100 Occupied,https://www.crexi.com/properties/367337/new-mexico-taos-commons-100-occupied#,On-Market,Retail,101 Herdner Rd,Taos,NM,87571,Multi,,,5460,$320.15 ,1,,,7.25%,"$1,748,000.00 ",No
Credit Tenant Strip With Additional Land,https://www.crexi.com/properties/17450/alabama-shopping-strip-cato-anchored-strip-with-additional-land#,On-Market,Retail,150 Lindberg Ave,Atmore,AL,36502,Multi,,,11200,$91.96 ,3,,"$95,201.00 ",9.24%,"$1,030,000.00 ",No
Freshway Market Piggly Wiggly Center,https://www.crexi.com/properties/301902/georgia-freshway-market-piggly-wiggly-center#,On-Market,Retail,231 GA-49,Byron,GA,31008,Multi,,,54020,$83.30 ,,,"$404,960.00 ",9.00%,"$4,500,000.00 ",No
West Chester Plaza,https://www.crexi.com/properties/502744/ohio-west-chester-plaza#,On-Market,Retail,9076 Cox Rd,West Chester,OH,45069,Multi,,,58143,$51.96 ,,,"$304,835.00 ",10.09%,"$3,021,000.00 ",No
Old Hotel Trailer Court,https://www.crexi.com/properties/418286/oregon-old-hotel-trailer-court#,On-Market,Multifamily,334 E 5th Ave,Riddle,OR,97469,N/A,,,,,30,"$46,666.67 ",,7.45%,"$1,400,000.00 ",No
Church's Chicken,https://www.crexi.com/properties/270417/alabama-churchs-chicken#,On-Market,Retail,805 E. Cummings Drive,Opp,AL,36467,Single,15,13.7,3235,$193.62 ,1,,"$45,412.00 ",7.25%,"$626,372.00 ",No
5459 Fen Oak Drive,https://www.crexi.com/properties/56301/wisconsin-5459-fen-oak-drive#,On-Market,Office,5459 Fen Oak Drive,Madison,WI,53718,Single,,,31198,$140.71 ,,,,12.00%,"$4,390,000.00 ",No
Dieter Square,https://www.crexi.com/properties/510427/texas-dieter-square#,On-Market,Retail,3660 George Dieter Dr,El Paso,TX,79936,Multi,,,9600,$142.60 ,,,"$100,994.00 ",7.38%,"$1,369,000.00 ",No
DaVita Center,https://www.crexi.com/properties/465741/kansas-davita-center#,On-Market,Retail,831 W Eisenhower Rd,Lansing,KS,66043,Multi,,,23760,$138.89 ,,,"$247,484.00 ",7.50%,"$3,300,000.00 ",No
"Hwy 55 Burgers, Shakes  Fries",https://www.crexi.com/properties/460926/north-carolina-hwy-55-burgers-shakes-fries#,On-Market,Retail,1600 N Main St,Lillington,NC,27546,Single,20,,2949,$843.34 ,1,,,6.50%,"$2,487,000.00 ",No
Fresenius Medical Care - Low Price Point,https://www.crexi.com/properties/321542/louisiana-dark-fresenius-medical-care#,On-Market,Retail,110 N 1st St,Amite City,LA,70422,Single,,1.6,3321,$210.33 ,1,,"$62,866.00 ",9.00%,"$698,515.00 ",No
Enterprise Rent a Car,https://www.crexi.com/properties/319240/indiana-enterprise-rent-a-car#,On-Market,Retail,1105 E Lewis and Clark Pkwy,Clarksville,IN,47129,Single,25,1.7,2513,$318.15 ,1,,"$54,700.00 ",6.80%,"$799,500.00 ",No
Former Rite Aid - Investment Opportunity,https://www.crexi.com/properties/386671/kentucky-former-rite-aid---investment-opportunity#,On-Market,Retail,4315 Cane Run Rd,Louisville,KY,40216,Vacant,,1.6,10663,$112.54 ,1,,"$84,000.00 ",7.00%,"$1,200,000.00 ",No
One Plant Cannabis Dispensary,https://www.crexi.com/properties/481159/florida-one-plant#,On-Market,Retail,299 US Hwy 27 S,Avon Park,FL,33825,Single,10,10,4091,$320.30 ,,,"$95,000.00 ",7.25%,"$1,310,350.00 ",No
2352 E 172nd Street,https://www.crexi.com/properties/105455/illinois-lansing-commons-along-torrence-avenue#,On-Market,Retail,2352 E 172nd Street,Lansing,IL,60438,Multi,,,23552,$50.95 ,,,"$97,000.00 ",8.08%,"$1,200,000.00 ",No
"Zips Car Wash - Seneca, SC",https://www.crexi.com/properties/349306/south-carolina-zips-car-wash---seneca-sc#,On-Market,Retail,1113 Jennings Ave,Seneca,SC,29678,Single,,19.3,2981,"$1,462.60 ",1,,"$305,000.00 ",7.00%,"$4,360,000.00 ",No
Park Plaza,https://www.crexi.com/properties/342923/texas-park-plaza#,On-Market,Retail,1900 9th St,Wichita Falls,TX,76301,Multi,,,15940,$41.09 ,,,"$52,382.00 ",8.00%,"$655,000.00 ",No
Advance Auto Parts,https://www.crexi.com/properties/502696/alabama-advance-auto-parts#,On-Market,Retail,3009 S Dauphin Island Parkway,Mobile,AL,36608,N/A,,,7885,$80.17 ,,,"$50,573.00 ",8.00%,"$632,157.00 ",No
Huddle House  20 Yr. Sale  Leaseback  Absolute-Net Lease,https://www.crexi.com/properties/525124/kentucky-huddle-house-20-yr-sale-leaseback-absolute-net-lease#,On-Market,Retail,200 KY-1947,Grayson,KY,41143,Single,,20,3069,$237.54 ,,,"$51,034.00 ",7.00%,"$729,000.00 ",No
Advance Auto Parts,https://www.crexi.com/properties/458090/indiana-1052-state-road-229#,On-Market,Retail,1052 IN-229,Batesville,IN,47006,Single,20.7,4.3,6782,$204.95 ,1,,"$100,387.00 ",7.22%,"$1,390,000.00 ",No
Citi Trends,https://www.crexi.com/properties/248502/mississippi-citi-trends#,On-Market,Retail,196 Seargent Prentiss Drive,Natchez,MS,39120,Single,,,18000,$66.67 ,1,,,9.22%,"$1,200,000.00 ",No
Northridge Centre,https://www.crexi.com/properties/509443/indiana-northridge-centre#,On-Market,Retail,851 US-20,Middlebury,IN,46540,N/A,,,14000,$104.21 ,,,,8.00%,"$1,459,000.00 ",No
Sale Leaseback Of Gas Station  C-Store,https://www.crexi.com/properties/509801/south-carolina-sale-leaseback-of-gas-station-c-store#,On-Market,Retail,101 N U.S. Hwy 52,Moncks Corner,SC,29461,Single,,,,,,,"$74,000.00 ",7.00%,"$1,057,000.00 ",Yes
Sheffield Center,https://www.crexi.com/properties/136086/ohio-sheffield-center#,On-Market,Retail,400 Sheffield Avenue,Lorain,OH,44055,Multi,,,189594,$32.97 ,,,"$689,546.00 ",11.03%,"$6,250,000.00 ",No
Applebee's - Strong Rent to Sales,https://www.crexi.com/properties/517192/indiana-applebees---strong-rent-to-sales#,On-Market,Retail,4425 National Rd E,Richmond,IN,47374,Single,23.7,13.2,,,,,"$144,000.00 ",7.00%,"$2,057,144.00 ",No
Walgreens Buffalo NY 2M 7.25 CAP,https://www.crexi.com/properties/434155/new-york-walgreens-buffalo-ny-2m-725-cap#,On-Market,Retail,10 Young St,Tonawanda,NY,14150,Single,30.1,6.1,13905,$148.79 ,,,"$150,000.00 ",7.25%,"$2,068,965.00 ",Yes
Midtowne Crossing,https://www.crexi.com/properties/286159/indiana-midtowne-crossing#,On-Market,Retail,1500 S. Western Ave,Marion,IN,46953,Multi,,,108974,$66.30 ,,,"$583,424.00 ",8.10%,"$7,225,000.00 ",No
One Elm Place,https://www.crexi.com/properties/163253/texas-one-elm-place#,On-Market,Retail,1000 E Eldorado Pkwy,Little Elm,TX,75068,Multi,,,33050,,,,"$556,130.00 ",7.35%,"$7,566,000.00 ",No
Clarcona Crossings,https://www.crexi.com/properties/265906/florida-clarcona-crossings#,On-Market,Retail,4300 Clarcona Ocoee Rd,Orlando,FL,32810,Multi,,,42251,$124.66 ,,,"$421,374.00 ",8.00%,"$5,267,175.00 ",Yes
Food Lion Anchored Shopping Center,https://www.crexi.com/properties/510325/north-carolina-randleman-plaza#,On-Market,Retail,3228 Randleman Rd,Greensboro,NC,27406,Multi,,,58310,$102.81 ,,,"$419,660.00 ",7.00%,"$5,995,000.00 ",No
One Plant Cannabis Dispensary,https://www.crexi.com/properties/407013/florida-one-plant#,On-Market,Retail,811 NE 36th Ave,Ocala,FL,34470,Single,10,9,3634,$576.93 ,,,"$152,000.00 ",7.25%,"$2,096,550.00 ",No
Walgreens  12.5 Yrs  6.50 CAP  NNN,https://www.crexi.com/properties/309729/georgia-walgreens-125-yrs-650-cap-nnn#,On-Market,Retail,4519 Dallas Acworth Hwy,Dallas,GA,30132,Single,,,14820,$291.71 ,,,"$281,000.00 ",6.50%,"$4,323,077.00 ",No
Crowley Plaza,https://www.crexi.com/properties/487164/louisiana-crowley-plaza#,On-Market,Retail,753 Odd Fellows Rd,Crowley,LA,70526,Multi,,,27228,$151.17 ,,,"$329,347.00 ",8.00%,"$4,116,000.00 ",No
1501 N 7th St,https://www.crexi.com/properties/234869/texas-1501-n-7th-st#,On-Market,Industrial,1501 N 7th St,Beaumont,TX,77703,N/A,,,85391,$51.94 ,425,"$10,435.29 ","$334,741.00 ",7.55%,"$4,435,000.00 ",No
210 East 305th Street,https://www.crexi.com/properties/496653/ohio-210-east-305th-street#,On-Market,Retail,210 East 305th Street,Willowick,OH,44095,Single,5,2.1,2524,$281.11 ,,,"$60,310.00 ",8.50%,"$709,529.00 ",No
Fast Pace Urgent Care,https://www.crexi.com/properties/505003/indiana-fast-pace-urgent-care#,On-Market,Retail,"4152 W, IN-56, Hanover, IN 47243",Hanover,IN,47243,Single,,11.8,2700,$672.80 ,,,"$127,160.00 ",7.00%,"$1,816,571.00 ",No
Hana Plaza,https://www.crexi.com/properties/465821/texas-hana-plaza#,On-Market,Retail,29615 Farm to Market 1093,Fulshear,TX,77441,Multi,,,24875,$147.74 ,,,"$277,308.00 ",7.55%,"$3,675,000.00 ",No
Shoppes at Battlefield Parkway,https://www.crexi.com/properties/502383/georgia-shoppes-at-battlefield-parkway#,On-Market,Retail,882 Battlefield Pkwy,Fort Oglethorpe,GA,30742,Multi,,,10000,$291.10 ,,,"$218,298.00 ",7.50%,"$2,911,000.00 ",No
Steak 'n Shake,https://www.crexi.com/properties/362474/illinois-steak-n-shake#,On-Market,Retail,614 W Raab Rd,Normal,IL,61761,Single,,,3490,$343.84 ,,,"$90,000.00 ",7.50%,"$1,200,000.00 ",No
Golden Chick - Brass Rail,https://www.crexi.com/properties/469647/texas-golden-chick---brass-rail#,On-Market,Retail,1218 I-30,Greenville,TX,75402,Multi,,,4340,$278.57 ,2,,"$87,624.00 ",7.25%,"$1,209,000.00 ",No
OAK PARK VILLAGE CONDOMINIUMS,https://www.crexi.com/properties/476294/north-dakota-oak-park-village-condominiums#,On-Market,Industrial,1200 4th Ave NW,Minot,ND,58703,Multi,,,15000,$19.07 ,2,"$143,000.00 ",,40.00%,"$286,000.00 ",No
"108 NJ-183, Stanhope, NJ",https://www.crexi.com/properties/486601/new-jersey-108-nj-183-stanhope-nj#,On-Market,Mixed Use,108 NJ-38,Stanhope,NJ,7874,N/A,,,6000,,,,"$47,750.00 ",7.03%,"$679,000.00 ",No
Pinecrest Shopping Center,https://www.crexi.com/properties/399174/wisconsin-156-248-south-pine-st#,On-Market,Retail,156-248 South Pine St,Burlington,WI,53105,Multi,,,102054,$34.30 ,,,"$496,000.00 ",14.17%,"$3,500,000.00 ",No
The Learning Experience  St. Louis MSA,https://www.crexi.com/properties/322372/missouri-the-learning-experience-st-louis-msa#,On-Market,Retail,600 Bond St,St Peters,MO,63376,Single,,14.1,10000,$448.30 ,1,"$4,483,000.00 ","$325,000.00 ",7.25%,"$4,483,000.00 ",No
Hilltop Plaza Shopping Center,https://www.crexi.com/properties/520652/new-mexico-hilltop-plaza-shopping-center#,On-Market,Retail,2300 N Main St,Clovis,NM,88101,Multi,,,69913,$63.18 ,,,"$364,416.00 ",8.25%,"$4,417,000.00 ",No
Pinnacle Treatment Center,https://www.crexi.com/properties/404431/indiana-pinnacle-treatment-center#,On-Market,Office,581 E Main St,Hagerstown,IN,47346,Single,16.8,16,6400,$227.81 ,,,"$94,720.00 ",6.50%,"$1,458,000.00 ",No
Town South Shopping Center,https://www.crexi.com/properties/387149/texas-town-south-shopping-center#,On-Market,Retail,5013 Wesley St,Greenville,TX,75402,Multi,,,108522,$69.50 ,,,"$630,944.00 ",8.37%,"$7,542,000.00 ",No
"Burger King - Emporia, KS",https://www.crexi.com/properties/305452/kansas-burger-king-emporia-ks#,On-Market,Retail,2725 W 18th Ave,Emporia,KS,66801,Single,,4.9,,,,,"$112,696.00 ",8.05%,"$1,400,000.00 ",No
C-Store With Additional Rental Income,https://www.crexi.com/properties/318447/missouri-subway#,On-Market,Retail,102/106 & 120 W Old Mill Rd,Fair Grove,MO,65648,Single,,,7432,$59.20 ,,,"$10,298.00 ",9.00%,"$440,000.00 ",No
"Winn-Dixie - La Place, LA",https://www.crexi.com/properties/150995/louisiana-winn-dixie---la-place-la#,On-Market,Retail,1830 W. Airline Hwy,Laplace,LA,70068,Single,,7.2,62297,$149.85 ,1,,"$676,780.00 ",7.25%,"$9,335,000.00 ",No
The Village on Bell,https://www.crexi.com/properties/508688/texas-the-village-on-bell#,On-Market,Retail,3309 Bell St,Amarillo,TX,79106,Multi,,,105858,$61.40 ,,,"$441,173.00 ",6.79%,"$6,500,000.00 ",No
Arbys,https://www.crexi.com/properties/297351/new-mexico-arbys#,On-Market,Retail,3351 Southern Blvd SE,Rio Rancho,NM,87124,Single,,,2450,,,,"$99,744.00 ",8.00%,"$1,247,000.00 ",No
Walgreens NNN leased Binghamton area,https://www.crexi.com/properties/281244/new-york-walgreens#,On-Market,Retail,355 Main St,Johnson City,NY,13790,Single,,,14820,$308.32 ,,,,6.50%,"$4,569,230.00 ",Yes
Westside Crossing,https://www.crexi.com/properties/495601/texas-westside-crossing#,On-Market,Retail,3828 W Davis St,Conroe,TX,77304,N/A,,,16904,$202.61 ,,,,7.09%,"$3,425,000.00 ",No
College Retail Center,https://www.crexi.com/properties/491531/texas-4511-college-avenue#,On-Market,Retail,4511 College Ave,Snyder,TX,79549,N/A,,,16068,,0,,"$173,272.00 ",7.22%,"$2,400,000.00 ",No
The Master's Centre,https://www.crexi.com/properties/520660/new-mexico-the-masters-centre#,On-Market,Retail,810 E 21st St,Clovis,NM,88101,Multi,,,50763,$57.76 ,,,"$229,312.00 ",7.82%,"$2,932,000.00 ",No
Rite Aid  10.5 CAP  Rental Increases,https://www.crexi.com/properties/310433/michigan-rite-aid-105-cap-rental-increases#,On-Market,Retail,600 North Ave,Battle Creek,MI,49017,Single,24,2.5,11008,$167.74 ,,,"$193,878.00 ",10.50%,"$1,846,457.00 ",No
Walgreens  NNN  8.75 CAP  1.89M,https://www.crexi.com/properties/192178/kentucky-walgreens-nnn-85-cap-195m#,On-Market,Retail,224 S Main St,Franklin,KY,42134,Single,25,3.1,11060,$171.27 ,,,"$165,750.00 ",8.75%,"$1,894,285.00 ",Yes
"Mattress Firm Branson, MO",https://www.crexi.com/properties/353340/missouri-mattress-firm-branson-mo#,On-Market,Retail,1069 Branson Hills Pkwy,Branson,MO,65616,Single,,,5078,$387.50 ,1,,"$152,500.00 ",7.75%,"$1,967,742.00 ",No
Commerce Commons,https://www.crexi.com/properties/423904/nevada-commerce-commons#,On-Market,Retail,171 - 281 W. Centennial Parkway,North Las Vegas,NV,89084,Multi,,,38012,$242.03 ,12,,"$643,856.00 ",7.00%,"$9,200,000.00 ",No
Walgreens NNN leased Anderson SC,https://www.crexi.com/properties/281239/south-carolina-walgreens#,On-Market,Retail,2539 W Whitner St,Anderson,SC,29624,Single,,,14820,$333.20 ,,,,6.50%,"$4,938,000.00 ",No
ABSOLUTE NNN CORPORATE GUARANTEED WALGREENS,https://www.crexi.com/properties/497245/tennessee-corporate-guaranteed-walgreens-with-drive-thru#,On-Market,Retail,758 N Ellington Pkwy,Lewisburg,TN,37091,Single,,,14820,$276.65 ,,,,6.51%,"$4,100,000.00 ",No
Charis Place,https://www.crexi.com/properties/508548/west-virginia-charis-place#,On-Market,Multifamily,3 Penny Ln,Point Pleasant,WV,25550,N/A,,,,,22,"$14,772.73 ","$26,669.00 ",8.21%,"$325,000.00 ",No
NET LEASED HARBOR FREIGHT w Upside,https://www.crexi.com/properties/376331/kentucky-net-leased-harbor-freight-w-upside#,On-Market,Retail,1235 N Main St,Madisonville,KY,42431,Single,10.3,7.9,24538,$97.77 ,,,"$179,915.00 ",7.50%,"$2,399,000.00 ",No
"Burlington Hampton, VA",https://www.crexi.com/properties/482640/virginia-burlington-hampton-va#,On-Market,Retail,103 Marketplace Dr,Hampton,VA,23666,Single,,4.1,80000,$96.78 ,,,"$600,000.00 ",7.75%,"$7,742,000.00 ",No
Snow Street Village,https://www.crexi.com/properties/56143/alabama-snow-street-village#,On-Market,Retail,641 Snow St,Oxford,AL,36203,Multi,,,30150,$132.01 ,10,,"$338,627.00 ",8.51%,"$3,980,000.00 ",No
Mapletown Center,https://www.crexi.com/properties/155008/ohio-mapletown-center#,On-Market,Retail,15700 Broadway Ave,Maple Heights,OH,44137,N/A,,,102765,$58.39 ,,,"$556,912.00 ",9.28%,"$6,000,000.00 ",No
Food Lion  CVS Anchored Multi-Tenant Shopping Center,https://www.crexi.com/properties/486714/virginia-food-lion-cvs-anchored-multi-tenant-shopping-center#,On-Market,Retail,1515 Longwood Ave,Bedford,VA,24523,Multi,,4,47454,,,,"$325,751.00 ",7.00%,"$4,654,000.00 ",No
KJ's Market Ground Lease,https://www.crexi.com/properties/390846/south-carolina-bi-lo-ground-lease#,On-Market,Retail,501 S Pearl St,Pageland,SC,29728,Single,28.3,10,35914,$90.27 ,,,"$233,441.00 ",7.20%,"$3,242,000.00 ",No
"Mattress Firm Gaffney, SC",https://www.crexi.com/properties/353348/south-carolina-mattress-firm-gaffney-sc#,On-Market,Retail,1551 W Floyd Baker Blvd,Gaffney,SC,29341,Single,,7.8,4067,$337.89 ,1,,"$106,500.00 ",7.75%,"$1,374,194.00 ",No
ATT - Corporate Guarantee NYSET,https://www.crexi.com/properties/345389/west-virginia-att---corporately-backed-nyset#,On-Market,Retail,3509 US-60,Huntington,WV,25705,Single,28,3.7,4400,$227.05 ,,,"$79,920.00 ",8.00%,"$999,000.00 ",No
"2 Tenant - Gerber Collison  Glass  AutoNation, Inc.",https://www.crexi.com/properties/507958/illinois-2-tenant---gerber-collison-glass-autonation-inc#,On-Market,Retail,1001 Lee St,Des Plaines,IL,60016,Multi,15.1,2.7,13400,$221.27 ,2,,"$258,000.00 ",8.70%,"$2,965,000.00 ",No
Applebee's Neighborhood Grill  Bar,https://www.crexi.com/properties/474139/pennsylvania-applebees-neighborhood-grill-bar#,On-Market,Retail,1860 Elmira St,Sayre,PA,18840,Single,20.5,16.7,5168,$640.47 ,,,"$231,696.09 ",7.00%,"$3,309,944.00 ",No
Applebees Neighborhood Grill  Bar,https://www.crexi.com/properties/474138/new-york-applebees-neighborhood-grill-bar#,On-Market,Retail,1205 Route 300,Newburgh,NY,12550,Single,20.5,16.7,4997,$474.14 ,,,"$165,848.00 ",7.00%,"$2,369,270.00 ",No